hs,heimilisfang,titill,verkefni,comment,hs_skipti,lon,lat,lukor
2,Hagatorg 1,HS_2 - Hagatorg 1,,,2022,-21.962459300,64.147561800,https://lukor.or.is/lukor/gotuljosakort.html?dnr=2
4,Suðurgata 1,HS_4 - Suðurgata 1,,,,-21.942832610,64.147113770,https://lukor.or.is/lukor/gotuljosakort.html?dnr=4
5,Bókhlöðustígur 2,HS_5 - Bókhlöðustígur 2,Miðbær,,2023,-21.938160000,64.145811000,https://lukor.or.is/lukor/gotuljosakort.html?dnr=5
6,Grettisgata 89,HS_6 - Grettisgata 89,,,,-21.914430000,64.142241000,https://lukor.or.is/lukor/gotuljosakort.html?dnr=6
7,Bergstaðarstræti 3,HS_7 - Bergstaðarstræti 3,Miðbær,,2023,-21.931461880,64.145877240,https://lukor.or.is/lukor/gotuljosakort.html?dnr=7
9,Vitastígur 10,HS_9 - Vitastígur 10,,,2022,-21.922750710,64.144086600,https://lukor.or.is/lukor/gotuljosakort.html?dnr=9
11,Stóragerði 16,HS_11 - Stóragerði 16,,,2022,-21.884336090,64.128355680,https://lukor.or.is/lukor/gotuljosakort.html?dnr=11
12,Laugarnesvegur 72,HS_12 - Laugarnesvegur 72,,,2023,-21.885663000,64.148241000,https://lukor.or.is/lukor/gotuljosakort.html?dnr=12
13,Freyjugata 21,HS_13 - Freyjugata 21,,,2023,-21.930809330,64.142454780,https://lukor.or.is/lukor/gotuljosakort.html?dnr=13
14,Grundarstígur 21,HS_14 - Grundarstígur 21,,,2023,-21.935807860,64.143130400,https://lukor.or.is/lukor/gotuljosakort.html?dnr=14
15,Bræðraborgarstígur 36,HS_15 - Bræðraborgarstígur 36,,,,-21.954995260,64.148689010,https://lukor.or.is/lukor/gotuljosakort.html?dnr=15
20,Fitjar,HS_20 - Fitjar,,,2024,-21.707877640,64.186772160,https://lukor.or.is/lukor/gotuljosakort.html?dnr=20
21,Iðufell 12,HS_21 - Iðufell 12,,,2022,-21.816116960,64.101126990,https://lukor.or.is/lukor/gotuljosakort.html?dnr=21
23,Rafstöðvarvegur-Elliðaárbrú,HS_23 - Rafstöðvarvegur-Elliðaárbrú,,,2023,-21.835352510,64.119512570,https://lukor.or.is/lukor/gotuljosakort.html?dnr=23
24,Nauthólsvík,HS_24 - Nauthólsvík,,,2023,-21.930794370,64.122488900,https://lukor.or.is/lukor/gotuljosakort.html?dnr=24
26,Barónsstígur 78,HS_26 - Barónsstígur 78,,,2022,-21.928982120,64.139957660,https://lukor.or.is/lukor/gotuljosakort.html?dnr=26
27,Dunhagi 17,HS_27 - Dunhagi 17,Vesturbær,,2023,-21.957480110,64.138697030,https://lukor.or.is/lukor/gotuljosakort.html?dnr=27
28,Sólheimar 23a,HS_28 - Sólheimar 23a,,,2022,-21.858862410,64.133935030,https://lukor.or.is/lukor/gotuljosakort.html?dnr=28
29,Borgartún 20,HS_29 - Borgartún 20,,,2023,-21.903419900,64.145375940,https://lukor.or.is/lukor/gotuljosakort.html?dnr=29
30,Barónsstígur 4,HS_30 - Barónsstígur 4,,,2022,-21.918625150,64.144861880,https://lukor.or.is/lukor/gotuljosakort.html?dnr=30
32,Höfðabakki i9,HS_32 - Höfðabakki i9,,,,-21.808219780,64.125642460,https://lukor.or.is/lukor/gotuljosakort.html?dnr=32
33,Tryggvagata,HS_33 - Tryggvagata,,,2023,-21.944090410,64.150796060,https://lukor.or.is/lukor/gotuljosakort.html?dnr=33
37,Öldugata 23,HS_37 - Öldugata 23,,,2022,-21.949217040,64.148788600,https://lukor.or.is/lukor/gotuljosakort.html?dnr=37
39,Kaplaskjólsvegur 64,HS_39 - Kaplaskjólsvegur 64,Vesturbær,,2022,-21.971033790,64.145169130,https://lukor.or.is/lukor/gotuljosakort.html?dnr=39
40,Garðastræti 43,HS_40 - Garðastræti 43,,,2022,-21.945634620,64.146130530,https://lukor.or.is/lukor/gotuljosakort.html?dnr=40
41,Brávallagata 14,HS_41 - Brávallagata 14,,,2023,-21.950733550,64.145224540,https://lukor.or.is/lukor/gotuljosakort.html?dnr=41
42,Grettisgata 11,HS_42 - Grettisgata 11,,,2022,-21.927644540,64.144969890,https://lukor.or.is/lukor/gotuljosakort.html?dnr=42
43,Lindargata 51,HS_43 - Lindargata 51,,,2023,-21.923844000,64.145452000,https://lukor.or.is/lukor/gotuljosakort.html?dnr=43
45,Fjólugata 21,HS_45 - Fjólugata 21,,,,-21.936837860,64.140451330,https://lukor.or.is/lukor/gotuljosakort.html?dnr=45
49,Gunnarsbraut 38,HS_49 - Gunnarsbraut 38,,,,-21.920374780,64.138017570,https://lukor.or.is/lukor/gotuljosakort.html?dnr=49
50,Ránargata 10,HS_50 - Ránargata 10,,,2022,-21.945482900,64.149711710,https://lukor.or.is/lukor/gotuljosakort.html?dnr=50
51,Fossháls 21,HS_51 - Fossháls 21,,,2023,-21.803739720,64.122389020,https://lukor.or.is/lukor/gotuljosakort.html?dnr=51
52,Sunnuvegur 25,HS_52 - Sunnuvegur 25,,,2023,-21.862147710,64.140067140,https://lukor.or.is/lukor/gotuljosakort.html?dnr=52
55,Tangarhöfði 6,HS_55 - Tangarhöfði 6,,,,-21.815903570,64.126076520,https://lukor.or.is/lukor/gotuljosakort.html?dnr=55
57,Grandavegur 38,HS_57 - Grandavegur 38,Vesturbær,,2023,-21.962056360,64.149984470,https://lukor.or.is/lukor/gotuljosakort.html?dnr=57
59,Mýrargata 25,HS_59 - Mýrargata 25,,,2023,-21.950039830,64.151855220,https://lukor.or.is/lukor/gotuljosakort.html?dnr=59
61,Fossháls 3,HS_61 - Fossháls 3,,,,-21.798813160,64.122455020,https://lukor.or.is/lukor/gotuljosakort.html?dnr=61
62,Brekkustígur 2,HS_62 - Brekkustígur 2,,,2023,-21.953403230,64.150717460,https://lukor.or.is/lukor/gotuljosakort.html?dnr=62
63,Frakkastígur 23,HS_63 - Frakkastígur 23,,,2023,-21.926298020,64.142897380,https://lukor.or.is/lukor/gotuljosakort.html?dnr=63
66,Reykjavíkurflugvöllur,HS_66 - Reykjavíkurflugvöllur,,,2023,-21.931538800,64.128934190,https://lukor.or.is/lukor/gotuljosakort.html?dnr=66
69,Hvassaleiti 24,HS_69 - Hvassaleiti 24,,,,-21.889215230,64.130699520,https://lukor.or.is/lukor/gotuljosakort.html?dnr=69
73,Stakkholt 3,HS_73 - Stakkholt 3,,,2023,-21.910888960,64.142740840,https://lukor.or.is/lukor/gotuljosakort.html?dnr=73
74,Tjarnargata 11,HS_74 - Tjarnargata 11,,,,-21.943073490,64.146016000,https://lukor.or.is/lukor/gotuljosakort.html?dnr=74
76,Lækjargata 8,HS_76 - Lækjargata 8,,,,-21.938143170,64.146853690,https://lukor.or.is/lukor/gotuljosakort.html?dnr=76
82,Ármúli 5,HS_82 - Ármúli 5,,,2023,-21.885265590,64.138985010,https://lukor.or.is/lukor/gotuljosakort.html?dnr=82
84,Arnarholt,HS_84 - Arnarholt,,,2024,-21.861517060,64.245792420,https://lukor.or.is/lukor/gotuljosakort.html?dnr=84
90,Meðalholt 12,HS_90 - Meðalholt 12,,,2022,-21.910815480,64.139394530,https://lukor.or.is/lukor/gotuljosakort.html?dnr=90
91,Eskihlíð 20,HS_91 - Eskihlíð 20,,,2023,-21.915126810,64.132232530,https://lukor.or.is/lukor/gotuljosakort.html?dnr=91
93,Sævarhöfði 6-12,HS_93 - Sævarhöfði 6-12,,,2024,-21.831199520,64.127237780,https://lukor.or.is/lukor/gotuljosakort.html?dnr=93
95,Elliðavatn,HS_95 - Elliðavatn,,,,-21.760594070,64.088318660,https://lukor.or.is/lukor/gotuljosakort.html?dnr=95
100,Öskjuhlíð,HS_100 - Öskjuhlíð,,,,-21.919947450,64.131199390,https://lukor.or.is/lukor/gotuljosakort.html?dnr=100
103,Barónsstígur 45,HS_103 - Barónsstígur 45,,,2023,-21.920799930,64.141431440,https://lukor.or.is/lukor/gotuljosakort.html?dnr=103
106,Félagsstofnun Stúdenta,HS_106 - Félagsstofnun Stúdenta,,,2023,-21.947018870,64.141641910,https://lukor.or.is/lukor/gotuljosakort.html?dnr=106
108,Grenimelur 10,HS_108 - Grenimelur 10,Vesturbær,,2022,-21.955119020,64.143760840,https://lukor.or.is/lukor/gotuljosakort.html?dnr=108
109,Rekagrandi 12,HS_109 - Rekagrandi 12,Vesturbær,,2022,-21.974467180,64.148855450,https://lukor.or.is/lukor/gotuljosakort.html?dnr=109
110,Ásvallagata 40,HS_110 - Ásvallagata 40,,,2022,-21.953291790,64.147166390,https://lukor.or.is/lukor/gotuljosakort.html?dnr=110
111,Grafarholt H.R,HS_111 - Grafarholt H.R,,,,-21.767177920,64.129323490,https://lukor.or.is/lukor/gotuljosakort.html?dnr=111
112,Fjölnisvegur 2,HS_112 - Fjölnisvegur 2,,,,-21.933504000,64.141093000,https://lukor.or.is/lukor/gotuljosakort.html?dnr=112
113,Mánagata 25,HS_113 - Mánagata 25,,,2022,-21.916152170,64.140201370,https://lukor.or.is/lukor/gotuljosakort.html?dnr=113
115,Traðir. Víðidal,HS_115 - Traðir. Víðidal,,,,-21.790099650,64.100040460,https://lukor.or.is/lukor/gotuljosakort.html?dnr=115
117,Tjarnarból 17,HS_117 - Tjarnarból 17,,,,-21.984223000,64.147597000,https://lukor.or.is/lukor/gotuljosakort.html?dnr=117
119,Engihlið 6,HS_119 - Engihlið 6,,,,-21.918469380,64.135402940,https://lukor.or.is/lukor/gotuljosakort.html?dnr=119
122,Garðastræti 16,HS_122 - Garðastræti 16,,,2022,-21.944498080,64.148494660,https://lukor.or.is/lukor/gotuljosakort.html?dnr=122
123,Mávahlíð 23,HS_123 - Mávahlíð 23,,,2023,-21.911941900,64.134008950,https://lukor.or.is/lukor/gotuljosakort.html?dnr=123
126,Hatún 6B,HS_126 - Hatún 6B,,,,-21.900966000,64.142618000,https://lukor.or.is/lukor/gotuljosakort.html?dnr=126
127,Bálstofa,HS_127 - Bálstofa,,,2023,-21.909352970,64.125390240,https://lukor.or.is/lukor/gotuljosakort.html?dnr=127
129,Grófarbryggja,HS_129 - Grófarbryggja,,,,-21.941237390,64.150169390,https://lukor.or.is/lukor/gotuljosakort.html?dnr=129
130,Grandagarður,HS_130 - Grandagarður,,,,-21.949567910,64.153401000,https://lukor.or.is/lukor/gotuljosakort.html?dnr=130
135_01,Völvufell 13,HS_135_01 - Völvufell 13,,,2023,-21.823649330,64.100663320,https://lukor.or.is/lukor/gotuljosakort.html?dnr=135_01
135_02,Norðurfell,HS_135_02 - Norðurfell,,,,-21.823678000,64.101869000,https://lukor.or.is/lukor/gotuljosakort.html?dnr=135_02
136,Miðleiti 2,HS_136 - Miðleiti 2,,,2023,-21.894613290,64.126691340,https://lukor.or.is/lukor/gotuljosakort.html?dnr=136
137,Karfavogur 43,HS_137 - Karfavogur 43,,,,-21.856825270,64.129227570,https://lukor.or.is/lukor/gotuljosakort.html?dnr=137
138,Sléttuvegur 1A,HS_138 - Sléttuvegur 1A,,,2023,-21.894948300,64.123066300,https://lukor.or.is/lukor/gotuljosakort.html?dnr=138
139,Höfðabakki 7,HS_139 - Höfðabakki 7,,,2023,-21.809992830,64.127318010,https://lukor.or.is/lukor/gotuljosakort.html?dnr=139
140,Laugateigur 24,HS_140 - Laugateigur 24,,,2023,-21.887875940,64.142827090,https://lukor.or.is/lukor/gotuljosakort.html?dnr=140
146,Miklabraut 84,HS_146 - Miklabraut 84,,,,-21.907724170,64.134144370,https://lukor.or.is/lukor/gotuljosakort.html?dnr=146
148,Sigtún Skautasvel,HS_148 - Sigtún Skautasvel,,,2022,-21.872289060,64.140812300,https://lukor.or.is/lukor/gotuljosakort.html?dnr=148
154,Hyrjarhöfði,HS_154 - Hyrjarhöfði,,,2022,-21.822811920,64.127799440,https://lukor.or.is/lukor/gotuljosakort.html?dnr=154
155,Álfaborgir 2,HS_155 - Álfaborgir 2,,,,-21.790277420,64.151233710,https://lukor.or.is/lukor/gotuljosakort.html?dnr=155
157,Mururimi 1a,HS_157 - Mururimi 1a,,,2022,-21.790285510,64.144920920,https://lukor.or.is/lukor/gotuljosakort.html?dnr=157
160,Fífurimi 1a,HS_160 - Fífurimi 1a,,,2023,-21.792629340,64.141634040,https://lukor.or.is/lukor/gotuljosakort.html?dnr=160
162,Skógarsel 12,HS_162 - Skógarsel 12,,,,-21.848257970,64.102990700,https://lukor.or.is/lukor/gotuljosakort.html?dnr=162
167,Hella,HS_167 - Hella,,,2024,-21.711565320,64.092194960,https://lukor.or.is/lukor/gotuljosakort.html?dnr=167
170,Granaskjól 29,HS_170 - Granaskjól 29,Vesturbær,,2022,-21.975362820,64.146137410,https://lukor.or.is/lukor/gotuljosakort.html?dnr=170
173,Arngrímsgata 1,HS_173 - Arngrímsgata 1,Vesturbær,,2023,-21.952390460,64.142385830,https://lukor.or.is/lukor/gotuljosakort.html?dnr=173
175,Kvisthagi _21,HS_175 - Kvisthagi _21,Vesturbær,,2022,-21.964121070,64.142528190,https://lukor.or.is/lukor/gotuljosakort.html?dnr=175
177,Seljavegur 32,HS_177 - Seljavegur 32,,,2022,-21.956861690,64.151148130,https://lukor.or.is/lukor/gotuljosakort.html?dnr=177
182,Boðagrandi 1,HS_182 - Boðagrandi 1,Vesturbær,,2023,-21.967673740,64.149238320,https://lukor.or.is/lukor/gotuljosakort.html?dnr=182
184,Hólmgarður 22,HS_184 - Hólmgarður 22,,,2022,-21.876704460,64.123286460,https://lukor.or.is/lukor/gotuljosakort.html?dnr=184
185,Víðines,HS_185 - Víðines,,,2024,-21.747307650,64.177310050,https://lukor.or.is/lukor/gotuljosakort.html?dnr=185
188,Vatnagarðar 12,HS_188 - Vatnagarðar 12,,,,-21.858409290,64.146824270,https://lukor.or.is/lukor/gotuljosakort.html?dnr=188
189,Vatnagarðar 24,HS_189 - Vatnagarðar 24,,,,-21.854529010,64.145072760,https://lukor.or.is/lukor/gotuljosakort.html?dnr=189
190,Gufunes - sorpa,HS_190 - Gufunes - sorpa,,,2024,-21.819752210,64.151545910,https://lukor.or.is/lukor/gotuljosakort.html?dnr=190
200,Esjuberg,HS_200 - Esjuberg,,,2024,-21.779878010,64.214807950,https://lukor.or.is/lukor/gotuljosakort.html?dnr=200
202,Eyktarás 26,HS_202 - Eyktarás 26,,,2022,-21.791496630,64.110947510,https://lukor.or.is/lukor/gotuljosakort.html?dnr=202
207,Vesturberg 142,HS_207 - Vesturberg 142,,,2023,-21.820222860,64.107400500,https://lukor.or.is/lukor/gotuljosakort.html?dnr=207
210,Baugatangi 1,HS_210 - Baugatangi 1,Vesturbær,,2022,-21.954478240,64.129208820,https://lukor.or.is/lukor/gotuljosakort.html?dnr=210
214,Vesturberg 74,HS_214 - Vesturberg 74,,,2022,-21.822272110,64.105051790,https://lukor.or.is/lukor/gotuljosakort.html?dnr=214
216,Stardalur,HS_216 - Stardalur,,,2024,-21.483174880,64.212377070,https://lukor.or.is/lukor/gotuljosakort.html?dnr=216
224,Dvergaborgir 1a,HS_224 - Dvergaborgir 1a,,,2022,-21.796962750,64.152730610,https://lukor.or.is/lukor/gotuljosakort.html?dnr=224
237,Grandabakki,HS_237 - Grandabakki,,,Faxaflóahafnir,-21.944937370,64.154238830,https://lukor.or.is/lukor/gotuljosakort.html?dnr=237
241,Hlíðargerði 13,HS_241 - Hlíðargerði 13,,,,-21.867509170,64.126646880,https://lukor.or.is/lukor/gotuljosakort.html?dnr=241
246,Skipholt 50,HS_246 - Skipholt 50,,,2023,-21.902700000,64.139642000,https://lukor.or.is/lukor/gotuljosakort.html?dnr=246
246,Skipholt_50,HS_246 - Skipholt_50,,,2023,-21.901462000,64.140205000,https://lukor.or.is/lukor/gotuljosakort.html?dnr=246
250,Korngarðar 10,HS_250 - Korngarðar 10,,,Faxaflóahafnir,-21.859654120,64.151240350,https://lukor.or.is/lukor/gotuljosakort.html?dnr=250
251,Dalsmynni,HS_251 - Dalsmynni,,,2024,-21.840692680,64.272820050,https://lukor.or.is/lukor/gotuljosakort.html?dnr=251
258,Saurbær,HS_258 - Saurbær,,,2024,-21.837030010,64.280480180,https://lukor.or.is/lukor/gotuljosakort.html?dnr=258
260,Sigluvogur 13,HS_260 - Sigluvogur 13,,,2023,-21.854171870,64.134804740,https://lukor.or.is/lukor/gotuljosakort.html?dnr=260
261,Miklatún,HS_261 - Miklatún,,,,-21.911411530,64.138022530,https://lukor.or.is/lukor/gotuljosakort.html?dnr=261
263,Heiðargeri 80,HS_263 - Heiðargeri 80,,,2022,-21.878768390,64.128215500,https://lukor.or.is/lukor/gotuljosakort.html?dnr=263
267,Vesturbrún 18,HS_267 - Vesturbrún 18,,,2023,-21.869428960,64.145179550,https://lukor.or.is/lukor/gotuljosakort.html?dnr=267
268,Brautarholt 14,HS_268 - Brautarholt 14,,,,-21.906597120,64.141644950,https://lukor.or.is/lukor/gotuljosakort.html?dnr=268
270,Hörgshlíð 24,HS_270 - Hörgshlíð 24,,,2023,-21.909383630,64.130112760,https://lukor.or.is/lukor/gotuljosakort.html?dnr=270
274,Bólstaðarhlíð 26,HS_274 - Bólstaðarhlíð 26,,,2023,-21.903560840,64.135197520,https://lukor.or.is/lukor/gotuljosakort.html?dnr=274
275,Ægisíða 70,HS_275 - Ægisíða 70,,,,-21.962792000,64.139328000,https://lukor.or.is/lukor/gotuljosakort.html?dnr=275
276,Skálagerði 6,HS_276 - Skálagerði 6,,,2023,-21.879581000,64.126521180,https://lukor.or.is/lukor/gotuljosakort.html?dnr=276
277,Breiðagerði 15,HS_277 - Breiðagerði 15,,,2022,-21.874348000,64.126284420,https://lukor.or.is/lukor/gotuljosakort.html?dnr=277
280,Blesugróf 38,HS_280 - Blesugróf 38,,,,-21.846503060,64.117786820,https://lukor.or.is/lukor/gotuljosakort.html?dnr=280
284,Langagerði 72,HS_284 - Langagerði 72,,,2022,-21.861480200,64.123978960,https://lukor.or.is/lukor/gotuljosakort.html?dnr=284
285,Kambsvegur 23,HS_285 - Kambsvegur 23,,,2023,-21.862296910,64.143810140,https://lukor.or.is/lukor/gotuljosakort.html?dnr=285
298,Bogahlíð 24,HS_298 - Bogahlíð 24,,,2023,-21.907032680,64.131777250,https://lukor.or.is/lukor/gotuljosakort.html?dnr=298
300,Brautarholt,HS_300 - Brautarholt,,,max 15 lampar,-21.876752740,64.241611790,https://lukor.or.is/lukor/gotuljosakort.html?dnr=300
303,Bíldshöfi 9A,HS_303 - Bíldshöfi 9A,,,2023,-21.822749770,64.125549340,https://lukor.or.is/lukor/gotuljosakort.html?dnr=303
305,Kleppsvegur 52,HS_305 - Kleppsvegur 52,,,2023,-21.871126210,64.149411610,https://lukor.or.is/lukor/gotuljosakort.html?dnr=305
308,Rauðalækur 11,HS_308 - Rauðalækur 11,,,,-21.882096490,64.149417520,https://lukor.or.is/lukor/gotuljosakort.html?dnr=308
309,Garðsendi 6,HS_309 - Garðsendi 6,,,2022,-21.852815480,64.122925240,https://lukor.or.is/lukor/gotuljosakort.html?dnr=309
310,Ármúli 27,HS_310 - Ármúli 27,,,2023,-21.873716000,64.136147000,https://lukor.or.is/lukor/gotuljosakort.html?dnr=310
315,Birkihlíð 6,HS_315 - Birkihlíð 6,,,2023,-21.901550430,64.124765740,https://lukor.or.is/lukor/gotuljosakort.html?dnr=315
321,Kirkjuland,HS_321 - Kirkjuland,,,2024,-21.789886730,64.217758820,https://lukor.or.is/lukor/gotuljosakort.html?dnr=321
322,Dugguvogur 11,HS_322 - Dugguvogur 11,,,2023,-21.847380540,64.129795660,https://lukor.or.is/lukor/gotuljosakort.html?dnr=322
325,Rauðavatn,HS_325 - Rauðavatn,,,2023,-21.779746240,64.111437680,https://lukor.or.is/lukor/gotuljosakort.html?dnr=325
327,Goðheimar 54,HS_327 - Goðheimar 54,,,2022,-21.861316470,64.135997530,https://lukor.or.is/lukor/gotuljosakort.html?dnr=327
331,Ármúli 31,HS_331 - Ármúli 31,,,max 15 lampar,-21.874138080,64.134056240,https://lukor.or.is/lukor/gotuljosakort.html?dnr=331
332,Gnoðarvogur 20,HS_332 - Gnoðarvogur 20,,,2022,-21.865119740,64.132662020,https://lukor.or.is/lukor/gotuljosakort.html?dnr=332
344,Reyrengi 15,HS_344 - Reyrengi 15,,,2022,-21.775854450,64.147768010,https://lukor.or.is/lukor/gotuljosakort.html?dnr=344
348,Vesturbrún 9,HS_348 - Vesturbrún 9,,,2022,-21.866891580,64.145723300,https://lukor.or.is/lukor/gotuljosakort.html?dnr=348
349,Kleppsvegur 8,HS_349 - Kleppsvegur 8,,,2023,-21.880605590,64.150585700,https://lukor.or.is/lukor/gotuljosakort.html?dnr=349
350,Hvassaleiti 77,HS_350 - Hvassaleiti 77,,,2022,-21.889505830,64.129085790,https://lukor.or.is/lukor/gotuljosakort.html?dnr=350
355,Þönglabakki 1,HS_355 - Þönglabakki 1,,,2022,-21.842901700,64.108226880,https://lukor.or.is/lukor/gotuljosakort.html?dnr=355
359,Álftamýri 8,HS_359 - Álftamýri 8,,,2022,-21.892746920,64.137150150,https://lukor.or.is/lukor/gotuljosakort.html?dnr=359
360,Álftamýri 38,HS_360 - Álftamýri 38,,,2022,-21.894489810,64.135074960,https://lukor.or.is/lukor/gotuljosakort.html?dnr=360
362,Háaleitisbraut 20a,HS_362 - Háaleitisbraut 20a,,,2022,-21.887787420,64.136337740,https://lukor.or.is/lukor/gotuljosakort.html?dnr=362
363,Háaleitisbraut 38,HS_363 - Háaleitisbraut 38,,,2022,-21.886748810,64.134600460,https://lukor.or.is/lukor/gotuljosakort.html?dnr=363
364,Háaleitisbraut 44,HS_364 - Háaleitisbraut 44,,,2023,-21.884238870,64.133877330,https://lukor.or.is/lukor/gotuljosakort.html?dnr=364
365,Safamýri 34,HS_365 - Safamýri 34,,,2022,-21.887771850,64.132522330,https://lukor.or.is/lukor/gotuljosakort.html?dnr=365
374,Loftleiðir,HS_374 - Loftleiðir,,,2023,-21.932552580,64.131303370,https://lukor.or.is/lukor/gotuljosakort.html?dnr=374
377,Brekknaás,HS_377 - Brekknaás,,,2023,-21.794310280,64.102968190,https://lukor.or.is/lukor/gotuljosakort.html?dnr=377
378,Stekkur,HS_378 - Stekkur,,,2024,-21.754160290,64.212523000,https://lukor.or.is/lukor/gotuljosakort.html?dnr=378
379,Eyjaslóð 1,HS_379 - Eyjaslóð 1,,,Faxaflóahafnir,-21.939778500,64.156927160,https://lukor.or.is/lukor/gotuljosakort.html?dnr=379
382,Fornhagi 9,HS_382 - Fornhagi 9,Vesturbær,,2023,-21.958659050,64.140682890,https://lukor.or.is/lukor/gotuljosakort.html?dnr=382
385,Suðurlandsbraut 2,HS_385 - Suðurlandsbraut 2,,,,-21.889854320,64.139751190,https://lukor.or.is/lukor/gotuljosakort.html?dnr=385
387,Mosavegur,HS_387 - Mosavegur,,,,-21.782048350,64.150438600,https://lukor.or.is/lukor/gotuljosakort.html?dnr=387
388,Lykkja,HS_388 - Lykkja,,,,-21.853146770,64.239756040,https://lukor.or.is/lukor/gotuljosakort.html?dnr=388
398,Fellsmúli 9,HS_398 - Fellsmúli 9,,,,-21.879578410,64.132517830,https://lukor.or.is/lukor/gotuljosakort.html?dnr=398
400,Laugavegur 172,HS_400 - Laugavegur 172,,,,-21.901870730,64.141157440,https://lukor.or.is/lukor/gotuljosakort.html?dnr=400
401,Grandabryggja,HS_401 - Grandabryggja,,,Faxaflóahafnir,-21.941648530,64.154846340,https://lukor.or.is/lukor/gotuljosakort.html?dnr=401
403,Kleppsvegur 120,HS_403 - Kleppsvegur 120,,,,-21.853060000,64.142996010,https://lukor.or.is/lukor/gotuljosakort.html?dnr=403
404,Kléberg,HS_404 - Kléberg,,,,-21.825161940,64.237005940,https://lukor.or.is/lukor/gotuljosakort.html?dnr=404
405,Snekkjuvogur 9,HS_405 - Snekkjuvogur 9,,,2022,-21.857728360,64.131289430,https://lukor.or.is/lukor/gotuljosakort.html?dnr=405
407,Hólmgarður 39,HS_407 - Hólmgarður 39,,,2023,-21.871562690,64.123166720,https://lukor.or.is/lukor/gotuljosakort.html?dnr=407
408,Þórunnartún 2,HS_408 - Þórunnartún 2,,,,-21.911083980,64.144831370,https://lukor.or.is/lukor/gotuljosakort.html?dnr=408
414,Kjalarvogur 17A,HS_414 - Kjalarvogur 17A,,,Faxaflóahafnir,-21.841493990,64.139304520,https://lukor.or.is/lukor/gotuljosakort.html?dnr=414
415,Grensásvegur 16,HS_415 - Grensásvegur 16,,,,-21.875682220,64.131651560,https://lukor.or.is/lukor/gotuljosakort.html?dnr=415
417,Ármúli 17,HS_417 - Ármúli 17,,,,-21.878630000,64.137298000,https://lukor.or.is/lukor/gotuljosakort.html?dnr=417
422,Leirulækur,HS_422 - Leirulækur,,,2022,-21.878311000,64.148393660,https://lukor.or.is/lukor/gotuljosakort.html?dnr=422
423,Kaplaskjólsvegur 31,HS_423 - Kaplaskjólsvegur 31,Vesturbær,,2023,-21.962993040,64.145760800,https://lukor.or.is/lukor/gotuljosakort.html?dnr=423
426,Kleppsvegur 74,HS_426 - Kleppsvegur 74,,,,-21.862951990,64.147345620,https://lukor.or.is/lukor/gotuljosakort.html?dnr=426
427,Akurgerði 17,HS_427 - Akurgerði 17,,,max 15 lampar,-21.873896680,64.127811650,https://lukor.or.is/lukor/gotuljosakort.html?dnr=427
428,Hlaðbær,HS_428 - Hlaðbær,,,2022,-21.804364400,64.115709010,https://lukor.or.is/lukor/gotuljosakort.html?dnr=428
432,Umferðarmiðstöðin,HS_432 - Umferðarmiðstöðin,,,,-21.935173460,64.137615970,https://lukor.or.is/lukor/gotuljosakort.html?dnr=432
433,Fróðengi 1,HS_433 - Fróðengi 1,,,2023,-21.784410650,64.147752920,https://lukor.or.is/lukor/gotuljosakort.html?dnr=433
435,Rofabær 5-7,HS_435 - Rofabær 5-7,,,2023,-21.805894500,64.118026520,https://lukor.or.is/lukor/gotuljosakort.html?dnr=435
436,Rofabær 17,HS_436 - Rofabær 17,,,2023,-21.802059930,64.117244420,https://lukor.or.is/lukor/gotuljosakort.html?dnr=436
437,Rofabær 27,HS_437 - Rofabær 27,,,2022,-21.797048190,64.116529800,https://lukor.or.is/lukor/gotuljosakort.html?dnr=437
438,Rofabær 39,HS_438 - Rofabær 39,,,2023,-21.789631700,64.115479020,https://lukor.or.is/lukor/gotuljosakort.html?dnr=438
439,Fagribær 12,HS_439 - Fagribær 12,,,2022,-21.810721280,64.116631560,https://lukor.or.is/lukor/gotuljosakort.html?dnr=439
440,Laugardalshöll,HS_440 - Laugardalshöll,,,,-21.877848090,64.140611520,https://lukor.or.is/lukor/gotuljosakort.html?dnr=440
441,Skipholt 70,HS_441 - Skipholt 70,,,,-21.897943400,64.137384790,https://lukor.or.is/lukor/gotuljosakort.html?dnr=441
442,Heiðargerði 1a,HS_442 - Heiðargerði 1a,,,2023,-21.882426750,64.129994260,https://lukor.or.is/lukor/gotuljosakort.html?dnr=442
443,Meistaravellir 10,HS_443 - Meistaravellir 10,Vesturbær,,2023,-21.962860290,64.147641950,https://lukor.or.is/lukor/gotuljosakort.html?dnr=443
444,Bolholt H.R,HS_444 - Bolholt H.R,,,,-21.894742770,64.139155910,https://lukor.or.is/lukor/gotuljosakort.html?dnr=444
445,Hólaberg 74,HS_445 - Hólaberg 74,,,2023,-21.808217730,64.105678460,https://lukor.or.is/lukor/gotuljosakort.html?dnr=445
446,Stigahlíð 50,HS_446 - Stigahlíð 50,,,2023,-21.902256090,64.130606550,https://lukor.or.is/lukor/gotuljosakort.html?dnr=446
447,Bolholt 4,HS_447 - Bolholt 4,,,,-21.896753090,64.139971300,https://lukor.or.is/lukor/gotuljosakort.html?dnr=447
448,Skeifan 13,HS_448 - Skeifan 13,,,2023,-21.870728840,64.130548720,https://lukor.or.is/lukor/gotuljosakort.html?dnr=448
450,Njörvasund 12,HS_450 - Njörvasund 12,,,,-21.853285360,64.138287700,https://lukor.or.is/lukor/gotuljosakort.html?dnr=450
455,Skipasund 21,HS_455 - Skipasund 21,,,2022,-21.856894560,64.142226330,https://lukor.or.is/lukor/gotuljosakort.html?dnr=455
456,Fremristekkur 12,HS_456 - Fremristekkur 12,,,2023,-21.833813900,64.111828300,https://lukor.or.is/lukor/gotuljosakort.html?dnr=456
463,Klapparstígur 7B,HS_463 - Klapparstígur 7B,Miðbær,,2023,-21.927887190,64.147413080,https://lukor.or.is/lukor/gotuljosakort.html?dnr=463
468,Eyjabakki 32,HS_468 - Eyjabakki 32,,,2023,-21.829850210,64.108424900,https://lukor.or.is/lukor/gotuljosakort.html?dnr=468
471_01,Efstaland 24,HS_471_01 - Efstaland 24,,,2022,-21.876084050,64.121689610,https://lukor.or.is/lukor/gotuljosakort.html?dnr=471_01
472,Brautarland 19,HS_472 - Brautarland 19,,,2022,-21.879789890,64.119661990,https://lukor.or.is/lukor/gotuljosakort.html?dnr=472
473,Brúnaland 1,HS_473 - Brúnaland 1,,,2023,-21.882731910,64.120577070,https://lukor.or.is/lukor/gotuljosakort.html?dnr=473
476,Eikjuvogur 18,HS_476 - Eikjuvogur 18,,,2022,-21.853029160,64.128850280,https://lukor.or.is/lukor/gotuljosakort.html?dnr=476
477,Sævarhöfði 31,HS_477 - Sævarhöfði 31,,,2022,-21.827537770,64.132375520,https://lukor.or.is/lukor/gotuljosakort.html?dnr=477
478,Hverfisgata 113,HS_478 - Hverfisgata 113,,,2024,-21.914180160,64.143916050,https://lukor.or.is/lukor/gotuljosakort.html?dnr=478
479,Blesugróf H.R,HS_479 - Blesugróf H.R,,,,-21.827800580,64.115243510,https://lukor.or.is/lukor/gotuljosakort.html?dnr=479
480,Félagsheimili RR,HS_480 - Félagsheimili RR,,,max 15 lampar,-21.825714000,64.117225440,https://lukor.or.is/lukor/gotuljosakort.html?dnr=480
483,Árnagarður,HS_483 - Árnagarður,Vesturbær,,2023,-21.951468780,64.139135540,https://lukor.or.is/lukor/gotuljosakort.html?dnr=483
485,Tungubakki 34,HS_485 - Tungubakki 34,,,2023,-21.839223640,64.108154940,https://lukor.or.is/lukor/gotuljosakort.html?dnr=485
487,Hjaltabakki,HS_487 - Hjaltabakki,,,2022,-21.832264330,64.105735260,https://lukor.or.is/lukor/gotuljosakort.html?dnr=487
489,Tunguháls 2,HS_489 - Tunguháls 2,,,,-21.787171840,64.117930310,https://lukor.or.is/lukor/gotuljosakort.html?dnr=489
490,Hólmaslóð 12,HS_490 - Hólmaslóð 12,,,Faxaflóahafnir,-21.940501930,64.159860700,https://lukor.or.is/lukor/gotuljosakort.html?dnr=490
491,Þórufell 20a,HS_491 - Þórufell 20a,,,2022,-21.827833170,64.101613510,https://lukor.or.is/lukor/gotuljosakort.html?dnr=491
492,Breiðhöfði 10,HS_492 - Breiðhöfði 10,,,,-21.824991410,64.129352810,https://lukor.or.is/lukor/gotuljosakort.html?dnr=492
494,Stekkjarbakki H.R,HS_494 - Stekkjarbakki H.R,,,,-21.833165060,64.112690180,https://lukor.or.is/lukor/gotuljosakort.html?dnr=494
495,Grensásvegur 3,HS_495 - Grensásvegur 3,,,,-21.872603880,64.132486260,https://lukor.or.is/lukor/gotuljosakort.html?dnr=495
496,Hátún 10,HS_496 - Hátún 10,,,2023,-21.896114050,64.142128050,https://lukor.or.is/lukor/gotuljosakort.html?dnr=496
497_01,Hulduland 11a,HS_497_01 - Hulduland 11a,,,2022,-21.866390020,64.120529540,https://lukor.or.is/lukor/gotuljosakort.html?dnr=497_01
498,Helluland 19,HS_498 - Helluland 19,,,2022,-21.868336890,64.119163320,https://lukor.or.is/lukor/gotuljosakort.html?dnr=498
499,Skógarhlíð 10,HS_499 - Skógarhlíð 10,,,,-21.920261250,64.134270270,https://lukor.or.is/lukor/gotuljosakort.html?dnr=499
500,Tindasel 3,HS_500 - Tindasel 3,,,2022,-21.853584100,64.100076490,https://lukor.or.is/lukor/gotuljosakort.html?dnr=500
501,Lóuhólar 6,HS_501 - Lóuhólar 6,,,2023,-21.817157270,64.109541210,https://lukor.or.is/lukor/gotuljosakort.html?dnr=501
502,Furugerði 5,HS_502 - Furugerði 5,,,2023,-21.882131760,64.124540850,https://lukor.or.is/lukor/gotuljosakort.html?dnr=502
504,Bullauga,HS_504 - Bullauga,,,2022,-21.770989930,64.119567490,https://lukor.or.is/lukor/gotuljosakort.html?dnr=504
505,Giljasel 12,HS_505 - Giljasel 12,,,,-21.842952800,64.102111510,https://lukor.or.is/lukor/gotuljosakort.html?dnr=505
508,Dalsel 9,HS_508 - Dalsel 9,,,2023,-21.835731310,64.100710410,https://lukor.or.is/lukor/gotuljosakort.html?dnr=508
511,Borgartún 38,HS_511 - Borgartún 38,,,2023,-21.892002340,64.145881160,https://lukor.or.is/lukor/gotuljosakort.html?dnr=511
515,Kleifarsel 26,HS_515 - Kleifarsel 26,,,,-21.837876510,64.094561780,https://lukor.or.is/lukor/gotuljosakort.html?dnr=515
518,Vegmúli 4,HS_518 - Vegmúli 4,,,2022,-21.880256180,64.138283660,https://lukor.or.is/lukor/gotuljosakort.html?dnr=518
522,Hraunberg 6,HS_522 - Hraunberg 6,,,2023,-21.813979270,64.105289990,https://lukor.or.is/lukor/gotuljosakort.html?dnr=522
535_01,Sævarland 20,HS_535_01 - Sævarland 20,,,2022,-21.857395750,64.118772770,https://lukor.or.is/lukor/gotuljosakort.html?dnr=535_01
537,Flúðasel 28,HS_537 - Flúðasel 28,,,2023,-21.831569090,64.097835700,https://lukor.or.is/lukor/gotuljosakort.html?dnr=537
539,Hamarshöfði 15a,HS_539 - Hamarshöfði 15a,,,2022,-21.814110830,64.128026540,https://lukor.or.is/lukor/gotuljosakort.html?dnr=539
541,Holtavegur,HS_541 - Holtavegur,,,,-21.846014820,64.142715020,https://lukor.or.is/lukor/gotuljosakort.html?dnr=541
542,Norðurgarður,HS_542 - Norðurgarður,,,Faxaflóahafnir,-21.936458440,64.155530880,https://lukor.or.is/lukor/gotuljosakort.html?dnr=542
548,Smárarimi,HS_548 - Smárarimi,,,2022,-21.798820110,64.148414290,https://lukor.or.is/lukor/gotuljosakort.html?dnr=548
549,Rimaflöt 9,HS_549 - Rimaflöt 9,,,2023,-21.801715670,64.144946030,https://lukor.or.is/lukor/gotuljosakort.html?dnr=549
566,Orrahólar 7,HS_566 - Orrahólar 7,,,,-21.809800050,64.108688890,https://lukor.or.is/lukor/gotuljosakort.html?dnr=566
568,Vesturgata 2,HS_568 - Vesturgata 2,,,2022,-21.941455290,64.148746210,https://lukor.or.is/lukor/gotuljosakort.html?dnr=568
570,Bæjarflöt 8a,HS_570 - Bæjarflöt 8a,,,2022,-21.802594550,64.142869540,https://lukor.or.is/lukor/gotuljosakort.html?dnr=570
578,Rangársel 20,HS_578 - Rangársel 20,,,,-21.845201640,64.097679900,https://lukor.or.is/lukor/gotuljosakort.html?dnr=578
581,Öldugrandi 1,HS_581 - Öldugrandi 1,Vesturbær,,2023,-21.982883230,64.150372080,https://lukor.or.is/lukor/gotuljosakort.html?dnr=581
582,Ægisgarður,HS_582 - Ægisgarður,,,Faxaflóahafnir,-21.941258680,64.152403720,https://lukor.or.is/lukor/gotuljosakort.html?dnr=582
583,Kringlan 7,HS_583 - Kringlan 7,,,2023,-21.896535990,64.131497440,https://lukor.or.is/lukor/gotuljosakort.html?dnr=583
588,járnháls 4,HS_588 - járnháls 4,,,,-21.794048420,64.122710220,https://lukor.or.is/lukor/gotuljosakort.html?dnr=588
590,Þvottalaugarvegur 25,HS_590 - Þvottalaugarvegur 25,,,2023,-21.868760180,64.138795520,https://lukor.or.is/lukor/gotuljosakort.html?dnr=590
591,Ægissíða 50,HS_591 - Ægissíða 50,Vesturbær,,2022,-21.960566800,64.136948320,https://lukor.or.is/lukor/gotuljosakort.html?dnr=591
603,Holtabakki,HS_603 - Holtabakki,,,,-21.844136720,64.142266440,https://lukor.or.is/lukor/gotuljosakort.html?dnr=603
605,Höfðabakkabrú,HS_605 - Höfðabakkabrú,,,2023,-21.820974590,64.115142950,https://lukor.or.is/lukor/gotuljosakort.html?dnr=605
607,Silakvísl 8,HS_607 - Silakvísl 8,,,2023,-21.825339490,64.121440450,https://lukor.or.is/lukor/gotuljosakort.html?dnr=607
608,Reykás 13,HS_608 - Reykás 13,,,2022,-21.785815480,64.109807320,https://lukor.or.is/lukor/gotuljosakort.html?dnr=608
610_01,Esjugrund 40,HS_610_01 - Esjugrund 40,,,2022,-21.831647970,64.240027720,https://lukor.or.is/lukor/gotuljosakort.html?dnr=610_01
615,Kalkofnsvegur 3,HS_615 - Kalkofnsvegur 3,,,max 15 lampar,-21.931880620,64.148521330,https://lukor.or.is/lukor/gotuljosakort.html?dnr=615
617,Selásbraut 103,HS_617 - Selásbraut 103,,,2023,-21.786189960,64.105539920,https://lukor.or.is/lukor/gotuljosakort.html?dnr=617
619,Hverfisgata 20,HS_619 - Hverfisgata 20,Miðbær,,2023,-21.931742520,64.146539220,https://lukor.or.is/lukor/gotuljosakort.html?dnr=619
621,Logafold 106a,HS_621 - Logafold 106a,,,2022,-21.789335200,64.133558070,https://lukor.or.is/lukor/gotuljosakort.html?dnr=621
622,Rafstöðvarvegur-Elliðaárbrú,HS_622 - Rafstöðvarvegur-Elliðaárbrú,,,,-21.839710830,64.123423690,https://lukor.or.is/lukor/gotuljosakort.html?dnr=622
623,Skútuvogur 4,HS_623 - Skútuvogur 4,,,,-21.847373590,64.139061030,https://lukor.or.is/lukor/gotuljosakort.html?dnr=623
628,Hverafold 30A,HS_628 - Hverafold 30A,,,2023,-21.803660530,64.135385220,https://lukor.or.is/lukor/gotuljosakort.html?dnr=628
629,Nethylur 2a,HS_629 - Nethylur 2a,,,2023,-21.814287700,64.121913610,https://lukor.or.is/lukor/gotuljosakort.html?dnr=629
630,Breiðhöfði 17,HS_630 - Breiðhöfði 17,,,,-21.826084860,64.131002600,https://lukor.or.is/lukor/gotuljosakort.html?dnr=630
634,Keldnaholt,HS_634 - Keldnaholt,,,,-21.764056490,64.139043890,https://lukor.or.is/lukor/gotuljosakort.html?dnr=634
636,Hvassaleiti 54,HS_636 - Hvassaleiti 54,,,,-21.892544180,64.128596750,https://lukor.or.is/lukor/gotuljosakort.html?dnr=636
640,Viðarhöfði 4,HS_640 - Viðarhöfði 4,,,,-21.797468960,64.125618920,https://lukor.or.is/lukor/gotuljosakort.html?dnr=640
642,Korngarðar 12,HS_642 - Korngarðar 12,,,Faxaflóahafnir,-21.858484400,64.151773290,https://lukor.or.is/lukor/gotuljosakort.html?dnr=642
644,Jöklafold 45,HS_644 - Jöklafold 45,,,2022,-21.794314900,64.136682010,https://lukor.or.is/lukor/gotuljosakort.html?dnr=644
646,Faxafen 9,HS_646 - Faxafen 9,,,2023,-21.866050790,64.129430450,https://lukor.or.is/lukor/gotuljosakort.html?dnr=646
647,Árskógar 10,HS_647 - Árskógar 10,,,2023,-21.847109900,64.105791530,https://lukor.or.is/lukor/gotuljosakort.html?dnr=647
648,Réttarháls 1,HS_648 - Réttarháls 1,,,2023,-21.799412590,64.120160460,https://lukor.or.is/lukor/gotuljosakort.html?dnr=648
650,Fannafold 113a,HS_650 - Fannafold 113a,,,2022,-21.802593250,64.138293570,https://lukor.or.is/lukor/gotuljosakort.html?dnr=650
651,Hjarðarhagi 2,HS_651 - Hjarðarhagi 2,,,2023,-21.953982410,64.139152500,https://lukor.or.is/lukor/gotuljosakort.html?dnr=651
653,Logafold 4,HS_653 - Logafold 4,,,2023,-21.797491570,64.134118440,https://lukor.or.is/lukor/gotuljosakort.html?dnr=653
658,Hamravík 14a,HS_658 - Hamravík 14a,,,2022,-21.780656690,64.152970320,https://lukor.or.is/lukor/gotuljosakort.html?dnr=658
659,Hlaðhamrar 2A,HS_659 - Hlaðhamrar 2A,,,2023,-21.816960620,64.139648840,https://lukor.or.is/lukor/gotuljosakort.html?dnr=659
660,Sigtún 40A,HS_660 - Sigtún 40A,,,,-21.890355520,64.141735220,https://lukor.or.is/lukor/gotuljosakort.html?dnr=660
662,Skútuvogur 14,HS_662 - Skútuvogur 14,,,,-21.847248000,64.136190000,https://lukor.or.is/lukor/gotuljosakort.html?dnr=662
670,Dyrhamrar 30,HS_670 - Dyrhamrar 30,,,2023,-21.810961820,64.137791180,https://lukor.or.is/lukor/gotuljosakort.html?dnr=670
674,Korpúlfsstaðavegur,HS_674 - Korpúlfsstaðavegur,,,2023,-21.763472990,64.153816660,https://lukor.or.is/lukor/gotuljosakort.html?dnr=674
678,Viðey,HS_678 - Viðey,,,,-21.852414320,64.162871870,https://lukor.or.is/lukor/gotuljosakort.html?dnr=678
680,Eggertsgata,HS_680 - Eggertsgata,Vesturbær,,2023,-21.953708140,64.136067750,https://lukor.or.is/lukor/gotuljosakort.html?dnr=680
684,Miðhús 2A,HS_684 - Miðhús 2A,,,2023,-21.772286160,64.136109920,https://lukor.or.is/lukor/gotuljosakort.html?dnr=684
688,Bústaðarvegur 7,HS_688 - Bústaðarvegur 7,,,2023,-21.906415870,64.127471630,https://lukor.or.is/lukor/gotuljosakort.html?dnr=688
693,Fiskislóð 53,HS_693 - Fiskislóð 53,,,Faxaflóahafnir,-21.944406650,64.156307120,https://lukor.or.is/lukor/gotuljosakort.html?dnr=693
695,Dalhús 25,HS_695 - Dalhús 25,,,2023,-21.785191680,64.138570990,https://lukor.or.is/lukor/gotuljosakort.html?dnr=695
696,Hlíðarhús 9,HS_696 - Hlíðarhús 9,,,2023,-21.777628090,64.138838910,https://lukor.or.is/lukor/gotuljosakort.html?dnr=696
702,Blikastaðavegur 10,HS_702 - Blikastaðavegur 10,,,,-21.751965830,64.147476390,https://lukor.or.is/lukor/gotuljosakort.html?dnr=702
707,Borgarsjúkrahús,HS_707 - Borgarsjúkrahús,,,,-21.890255840,64.121895680,https://lukor.or.is/lukor/gotuljosakort.html?dnr=707
709,Stórhöfði 23,HS_709 - Stórhöfði 23,,,2023,-21.811700000,64.128820000,https://lukor.or.is/lukor/gotuljosakort.html?dnr=709
712,Hallveigarstígur 7,HS_712 - Hallveigarstígur 7,Miðbær,,2023,-21.933295590,64.145406990,https://lukor.or.is/lukor/gotuljosakort.html?dnr=712
716,Aðalstræti 8,HS_716 - Aðalstræti 8,,,,-21.942488360,64.148018030,https://lukor.or.is/lukor/gotuljosakort.html?dnr=716
720,Breiðholtsbraut-brú,HS_720 - Breiðholtsbraut-brú,,,,-21.799067510,64.097080960,https://lukor.or.is/lukor/gotuljosakort.html?dnr=720
727,Skerplugata 1A,HS_727 - Skerplugata 1A,Vesturbær,,2023,-21.950036800,64.134375720,https://lukor.or.is/lukor/gotuljosakort.html?dnr=727
728,Starengi 22,HS_728 - Starengi 22,,,2023,-21.774766910,64.150764510,https://lukor.or.is/lukor/gotuljosakort.html?dnr=728
733,Fossaleinir 13,HS_733 - Fossaleinir 13,,,2023,-21.770715310,64.144855390,https://lukor.or.is/lukor/gotuljosakort.html?dnr=733
736,Tryggvagata 17,HS_736 - Tryggvagata 17,,,,-21.940740550,64.149441570,https://lukor.or.is/lukor/gotuljosakort.html?dnr=736
737,Barðastaðir 1,HS_737 - Barðastaðir 1,,,2022,-21.751227900,64.156646030,https://lukor.or.is/lukor/gotuljosakort.html?dnr=737
771,Básabryggja 19,HS_771 - Básabryggja 19,,,2022,-21.815677090,64.132056070,https://lukor.or.is/lukor/gotuljosakort.html?dnr=771
783,Fitjakot,HS_783 - Fitjakot,,,2024,-21.693427680,64.188998460,https://lukor.or.is/lukor/gotuljosakort.html?dnr=783
787,Lambhagavegur 17A,HS_787 - Lambhagavegur 17A,,,,-21.758599820,64.136128560,https://lukor.or.is/lukor/gotuljosakort.html?dnr=787
788,Lambhagi Gróðrarstöð,HS_788 - Lambhagi Gróðrarstöð,,,2022,-21.752493720,64.133220130,https://lukor.or.is/lukor/gotuljosakort.html?dnr=788
789,Sæbraut. Laugarnestangi,HS_789 - Sæbraut. Laugarnestangi,,,2022,-21.886261570,64.151581130,https://lukor.or.is/lukor/gotuljosakort.html?dnr=789
793,Vallá,HS_793 - Vallá,,,2024,-21.818721690,64.236712110,https://lukor.or.is/lukor/gotuljosakort.html?dnr=793
796,Norðurgrund,HS_796 - Norðurgrund,,,,-21.835789990,64.242170180,https://lukor.or.is/lukor/gotuljosakort.html?dnr=796
799,Öskjuhlíð II,HS_799 - Öskjuhlíð II,,,,-21.915516420,64.129111040,https://lukor.or.is/lukor/gotuljosakort.html?dnr=799
800,Maríubaugur 125A,HS_800 - Maríubaugur 125A,,,2023,-21.763942040,64.126679880,https://lukor.or.is/lukor/gotuljosakort.html?dnr=800
801,Ólafsgeisli 57a,HS_801 - Ólafsgeisli 57a,,,2022,-21.765108140,64.124020140,https://lukor.or.is/lukor/gotuljosakort.html?dnr=801
803,Kirkjustétt 1A,HS_803 - Kirkjustétt 1A,,,2023,-21.754511710,64.126599430,https://lukor.or.is/lukor/gotuljosakort.html?dnr=803
808,Klettagarðar,HS_808 - Klettagarðar,,,,-21.873367570,64.155432600,https://lukor.or.is/lukor/gotuljosakort.html?dnr=808
810,Naustanes,HS_810 - Naustanes,,,2024,-21.706836800,64.201020490,https://lukor.or.is/lukor/gotuljosakort.html?dnr=810
813,Varmidalur III,HS_813 - Varmidalur III,,,max 15 lampar,-21.680451020,64.193006610,https://lukor.or.is/lukor/gotuljosakort.html?dnr=813
841,Þorláksgeisli 41a,HS_841 - Þorláksgeisli 41a,,,2022,-21.750420230,64.124526560,https://lukor.or.is/lukor/gotuljosakort.html?dnr=841
842,Jónsgeisli 6A,HS_842 - Jónsgeisli 6A,,,2023,-21.749294950,64.128880020,https://lukor.or.is/lukor/gotuljosakort.html?dnr=842
844,Þórðarsveigur 12A,HS_844 - Þórðarsveigur 12A,,,2023,-21.744427230,64.126845420,https://lukor.or.is/lukor/gotuljosakort.html?dnr=844
845,Stórhöfði 9,HS_845 - Stórhöfði 9,,,2023,-21.820619440,64.129147580,https://lukor.or.is/lukor/gotuljosakort.html?dnr=845
861,Gvendargeisli 13A,HS_861 - Gvendargeisli 13A,,,2022,-21.739487000,64.126066000,https://lukor.or.is/lukor/gotuljosakort.html?dnr=861
862,Vínlandsleið 18,HS_862 - Vínlandsleið 18,,,,-21.762716500,64.130385700,https://lukor.or.is/lukor/gotuljosakort.html?dnr=862
869,Stakkahlíð 1,HS_869 - Stakkahlíð 1,,,2023,-21.903539850,64.137395390,https://lukor.or.is/lukor/gotuljosakort.html?dnr=869
884,Laugarásvegur 45,HS_884 - Laugarásvegur 45,,,2022,-21.867412690,64.142684200,https://lukor.or.is/lukor/gotuljosakort.html?dnr=884
886,Stóragerði 46,HS_886 - Stóragerði 46,,,2023,-21.886439270,64.125836280,https://lukor.or.is/lukor/gotuljosakort.html?dnr=886
889,Hrafnhólar,HS_889 - Hrafnhólar,,,2024,-21.566399650,64.207010500,https://lukor.or.is/lukor/gotuljosakort.html?dnr=889
891,Reiðvað 1a,HS_891 - Reiðvað 1a,,,2022,-21.777095670,64.098214800,https://lukor.or.is/lukor/gotuljosakort.html?dnr=891
894,Reykjavegur,HS_894 - Reykjavegur,,,,-21.881402360,64.145541730,https://lukor.or.is/lukor/gotuljosakort.html?dnr=894
897,Klettháls 7a,HS_897 - Klettháls 7a,,,2022,-21.783392510,64.117252490,https://lukor.or.is/lukor/gotuljosakort.html?dnr=897
899,sóleyjarrimi 29,HS_899 - sóleyjarrimi 29,,,2022,-21.793778310,64.148116670,https://lukor.or.is/lukor/gotuljosakort.html?dnr=899
1101,Helluvað 1a,HS_1101 - Helluvað 1a,,,2022,-21.768511110,64.102312130,https://lukor.or.is/lukor/gotuljosakort.html?dnr=1101
1102,Bjallavað 1a,HS_1102 - Bjallavað 1a,,,2023,-21.775883230,64.102351630,https://lukor.or.is/lukor/gotuljosakort.html?dnr=1102
1109,Esjumelur 1b,HS_1109 - Esjumelur 1b,,,,-21.694824890,64.195095900,https://lukor.or.is/lukor/gotuljosakort.html?dnr=1109
1110,Hólmvað 2a,HS_1110 - Hólmvað 2a,,,2022,-21.762587740,64.101475060,https://lukor.or.is/lukor/gotuljosakort.html?dnr=1110
1143,Laugavegur 96,HS_1143 - Laugavegur 96,,,2022,-21.917766810,64.143000290,https://lukor.or.is/lukor/gotuljosakort.html?dnr=1143
1150,Borgartún 26,HS_1150 - Borgartún 26,,,,-21.897949240,64.145422220,https://lukor.or.is/lukor/gotuljosakort.html?dnr=1150
1156,Krókháls 11,HS_1156 - Krókháls 11,,,2022,-21.779877710,64.123146370,https://lukor.or.is/lukor/gotuljosakort.html?dnr=1156
1162,skarfabakki,HS_1162 - skarfabakki,,,Faxaflóahafnir,-21.864767840,64.155638710,https://lukor.or.is/lukor/gotuljosakort.html?dnr=1162
1163,Úlfarsbraut 48a,HS_1163 - Úlfarsbraut 48a,,,2023,-21.743447880,64.133231780,https://lukor.or.is/lukor/gotuljosakort.html?dnr=1163
1178,Friggjarbrunnur 47,HS_1178 - Friggjarbrunnur 47,,,2023,-21.740264370,64.136053560,https://lukor.or.is/lukor/gotuljosakort.html?dnr=1178
1187,sóltún 4a,HS_1187 - sóltún 4a,,,,-21.897596330,64.143749180,https://lukor.or.is/lukor/gotuljosakort.html?dnr=1187
1189,Faxagarður,HS_1189 - Faxagarður,,,Faxaflóahafnir,-21.934944970,64.150374090,https://lukor.or.is/lukor/gotuljosakort.html?dnr=1189
1195,Úlfarsbraut 124a,HS_1195 - Úlfarsbraut 124a,,,2023,-21.737390020,64.132736640,https://lukor.or.is/lukor/gotuljosakort.html?dnr=1195
1196,Urðarbrunnur 130a,HS_1196 - Urðarbrunnur 130a,,,2022,-21.733160160,64.135459330,https://lukor.or.is/lukor/gotuljosakort.html?dnr=1196
1197,Haukdælabraut 56a,HS_1197 - Haukdælabraut 56a,,,2022,-21.725076010,64.127794160,https://lukor.or.is/lukor/gotuljosakort.html?dnr=1197
1198,Haukdælabraut 126b,HS_1198 - Haukdælabraut 126b,,,2022,-21.727247390,64.129564070,https://lukor.or.is/lukor/gotuljosakort.html?dnr=1198
1221,Blikastaðavegur 2 - 8,HS_1221 - Blikastaðavegur 2 - 8,,,2022,-21.759829980,64.144807330,https://lukor.or.is/lukor/gotuljosakort.html?dnr=1221
1227,Fiskislóð 37a,HS_1227 - Fiskislóð 37a,,,Faxaflóahafnir,-21.946651710,64.157646720,https://lukor.or.is/lukor/gotuljosakort.html?dnr=1227
1233,Vegbrekkur 19a,HS_1233 - Vegbrekkur 19a,,,,-21.736957660,64.098554730,https://lukor.or.is/lukor/gotuljosakort.html?dnr=1233
1236,Mógilsá 1,HS_1236 - Mógilsá 1,,,max 15 lampar,-21.711383760,64.208394910,https://lukor.or.is/lukor/gotuljosakort.html?dnr=1236
1237,Mógilsá 23a,HS_1237 - Mógilsá 23a,,,max 15 lampar,-21.706365830,64.207800170,https://lukor.or.is/lukor/gotuljosakort.html?dnr=1237
1243,Kjalarvogur 10a,HS_1243 - Kjalarvogur 10a,,,,-21.842632410,64.135297330,https://lukor.or.is/lukor/gotuljosakort.html?dnr=1243
1248,Skógarvegur 6a,HS_1248 - Skógarvegur 6a,,,,-21.897825310,64.121379460,https://lukor.or.is/lukor/gotuljosakort.html?dnr=1248
1264,Guðrúnartún 8,HS_1264 - Guðrúnartún 8,,,,-21.909604810,64.146149360,https://lukor.or.is/lukor/gotuljosakort.html?dnr=1264
1274,Gufunesvegur 1a,HS_1274 - Gufunesvegur 1a,,,,-21.812201580,64.152225740,https://lukor.or.is/lukor/gotuljosakort.html?dnr=1274
1278,Ljárdalur,HS_1278 - Ljárdalur,,,max 15 lampar,-21.804343680,64.224319620,https://lukor.or.is/lukor/gotuljosakort.html?dnr=1278
1279,Vindheimar,HS_1279 - Vindheimar,,,max 15 lampar,-21.813150470,64.229767390,https://lukor.or.is/lukor/gotuljosakort.html?dnr=1279
1298,Klettagarðar 7a,HS_1298 - Klettagarðar 7a,,,,-21.865475740,64.151472250,https://lukor.or.is/lukor/gotuljosakort.html?dnr=1298
1305,Jarðstöð Úlfarsdal,HS_1305 - Jarðstöð Úlfarsdal,,,max 15 lampar,-21.681695630,64.141724310,https://lukor.or.is/lukor/gotuljosakort.html?dnr=1305
1310,Söðlagerði,HS_1310 - Söðlagerði,,,2024,-21.798335410,64.220316550,https://lukor.or.is/lukor/gotuljosakort.html?dnr=1310
1311,Suðurlandsbraut 8,HS_1311 - Suðurlandsbraut 8,,,,-21.883260550,64.139511300,https://lukor.or.is/lukor/gotuljosakort.html?dnr=1311
1316,Vellir 3a,HS_1316 - Vellir 3a,,,max 15 lampar,-21.670035330,64.204828660,https://lukor.or.is/lukor/gotuljosakort.html?dnr=1316
1317,Vellir,HS_1317 - Vellir,,,max 15 lampar,-21.663170480,64.208920910,https://lukor.or.is/lukor/gotuljosakort.html?dnr=1317
1318,Norðurgröf,HS_1318 - Norðurgröf,,,max 15 lampar,-21.648636090,64.208746360,https://lukor.or.is/lukor/gotuljosakort.html?dnr=1318
1324,Kollafjörður laxeldi,HS_1324 - Kollafjörður laxeldi,,,max 15 lampar,-21.696857330,64.207012520,https://lukor.or.is/lukor/gotuljosakort.html?dnr=1324
1332,Móar,HS_1332 - Móar,,,max 15 lampar,-21.788751620,64.215297070,https://lukor.or.is/lukor/gotuljosakort.html?dnr=1332
1333,Saltvík,HS_1333 - Saltvík,,,max 15 lampar,-21.799769390,64.212453100,https://lukor.or.is/lukor/gotuljosakort.html?dnr=1333
1334,Fossvogur,HS_1334 - Fossvogur,,,,-21.899959780,64.117320780,https://lukor.or.is/lukor/gotuljosakort.html?dnr=1334
1337,Pósthússtræti,HS_1337 - Pósthússtræti,Miðbær,,2022,-21.937950270,64.148254920,https://lukor.or.is/lukor/gotuljosakort.html?dnr=1337
1350,Tryggvagata 27,HS_1350 - Tryggvagata 27,Miðbær,Arnarhóll sólúr,2023,-21.935593920,64.147907890,https://lukor.or.is/lukor/gotuljosakort.html?dnr=1350
1352,Silfratjörn 5a,HS_1352 - Silfratjörn 5a,,,,-21.732141580,64.136775150,https://lukor.or.is/lukor/gotuljosakort.html?dnr=1352
1353,Rökkvatjörn 1A,HS_1353 - Rökkvatjörn 1A,,,,-21.735110260,64.136702530,https://lukor.or.is/lukor/gotuljosakort.html?dnr=1353
1357,Krókáls 13a,HS_1357 - Krókáls 13a,,,,-21.776295730,64.124929640,https://lukor.or.is/lukor/gotuljosakort.html?dnr=1357
1360,Hljómskálagarður,HS_1360 - Hljómskálagarður,,,2023,-21.939053000,64.140929000,https://lukor.or.is/lukor/gotuljosakort.html?dnr=1360
1364,Hlíðarendi 14a,HS_1364 - Hlíðarendi 14a,,,,-21.930430000,64.134813000,https://lukor.or.is/lukor/gotuljosakort.html?dnr=1364
1368,Dugguvogur 2 - bráðab.,HS_1368 - Dugguvogur 2 - bráðab.,,,,-21.848835840,64.132529590,https://lukor.or.is/lukor/gotuljosakort.html?dnr=1368
1370,Móaberg,HS_1370 - Móaberg,,,max 15 lampar,-21.763888940,64.204422390,https://lukor.or.is/lukor/gotuljosakort.html?dnr=1370
1391,Álfsnes,HS_1391 - Álfsnes,,,max 15 lampar,-21.757389040,64.189113980,https://lukor.or.is/lukor/gotuljosakort.html?dnr=1391
1400,Hallgerðargata,HS_1400 - Hallgerðargata,,,,-21.889388350,64.148338790,https://lukor.or.is/lukor/gotuljosakort.html?dnr=1400
1416,Jöfursbás 4a,HS_1416 - Jöfursbás 4a,,,2022,-21.807704190,64.153624190,https://lukor.or.is/lukor/gotuljosakort.html?dnr=1416
1420,Tangabryggja 13E,HS_1420 - Tangabryggja 13E,,,,-21.822089800,64.133170380,https://lukor.or.is/lukor/gotuljosakort.html?dnr=1420
1429,Vatnsmýrarvegur,HS_1429 - Vatnsmýrarvegur,,,,-21.925652090,64.136462290,https://lukor.or.is/lukor/gotuljosakort.html?dnr=1429
1438,Sætún,HS_1438 - Sætún,,,max 15 lampar,-21.775150610,64.212775010,https://lukor.or.is/lukor/gotuljosakort.html?dnr=1438
1444,Melgerði,HS_1444 - Melgerði,,,max 15 lampar,-21.841720720,64.269462380,https://lukor.or.is/lukor/gotuljosakort.html?dnr=1444
1445,Melavellir,HS_1445 - Melavellir,,,max 15 lampar,-21.855718620,64.267923000,https://lukor.or.is/lukor/gotuljosakort.html?dnr=1445
1446,Bakki,HS_1446 - Bakki,,,max 15 lampar,-21.863367910,64.258707280,https://lukor.or.is/lukor/gotuljosakort.html?dnr=1446
1454,Álfabakki 4A,HS_1454 - Álfabakki 4A,,,,-21.857706000,64.105004000,https://lukor.or.is/lukor/gotuljosakort.html?dnr=1454
1478,Héðinsreitur. Mýrargötu,HS_1478 - Héðinsreitur. Mýrargötu,,,,-21.952067160,64.152410200,https://lukor.or.is/lukor/gotuljosakort.html?dnr=1478
1501,Járnslétta 8a,HS_1501 - Járnslétta 8a,,,2022,-21.693911140,64.198291240,https://lukor.or.is/lukor/gotuljosakort.html?dnr=1501
1526,Dugguvogur 42a,HS_1526 - Dugguvogur 42a,,,,-21.848354000,64.132401000,https://lukor.or.is/lukor/gotuljosakort.html?dnr=1526
471_02,Giljaland 1,HS_471_02 - Giljaland 1,,,2022,-21.872520000,64.120112000,https://lukor.or.is/lukor/gotuljosakort.html?dnr=471_02
497_02,Kelduland 1,HS_497_02 - Kelduland 1,,,2022,-21.872280000,64.120143500,https://lukor.or.is/lukor/gotuljosakort.html?dnr=497_02
535_02,Traðarland 14,HS_535_02 - Traðarland 14,,,2024,-21.855473000,64.118460000,https://lukor.or.is/lukor/gotuljosakort.html?dnr=535_02
610_02,Víkurgrund 10,HS_610_02 - Víkurgrund 10,,,2022,-21.829763000,64.238999000,https://lukor.or.is/lukor/gotuljosakort.html?dnr=610_02